title,category,views
54.230.78.45,Unknown,24
23.205.82.104,Unknown,4
104.16.12.8,Unknown,6
88.221.83.67,Unknown,8
93.184.220.188,Unknown,5
54.231.10.92,Unknown,18
85.17.147.182,???,3
37.252.163.209,???,3
198.41.209.145,???,2
88.221.83.80,Unknown,4
198.41.209.141,Unknown,9
173.194.65.94,???,2
88.221.83.73,???,3
199.96.57.6,Unknown,6
54.192.79.107,Unknown,24
31.13.93.3,Unknown,17
216.58.208.202,Unknown,4
216.58.208.225,Unknown,4
216.58.208.226,Unknown,13
216.58.208.227,Unknown,10
54.241.5.77,Unknown,5
190.93.242.118,Unknown,24
88.221.83.58,Unknown,5
37.252.163.152,???,2
104.16.13.8,Unknown,4
54.225.150.134,Unknown,4
81.166.122.238,Unknown,15
54.241.33.115,Unknown,5
54.227.250.135,Unknown,12
23.192.162.171,???,2
176.34.254.176,Unknown,5
199.16.156.21,???,2
216.58.208.237,Unknown,4
172.16.254.128,Windows 7 or 8,257
195.54.48.9,Unknown,4
216.58.208.196,???,2
198.41.208.146,???,2
216.58.208.238,Unknown,10
